{
	"fieldSets": [
		{
			"fields": [
				{
					"dataType": "string",
					"defaultValue": "left",
					"label": "align",
					"name": "buttonAlign",
					"type": "select",
					"typeOptions": {
						"validValues": [
							{
								"value": "left"
							},
							{
								"value": "center"
							},
							{
								"value": "right"
							}
						]
					}
				},
				{
					"dataType": "string",
					"defaultValue": "3",
					"label": "bottom-spacing",
					"name": "bottomSpacing",
					"type": "select",
					"typeOptions": {
						"validValues": [
							{
								"value": "0"
							},
							{
								"value": "1"
							},
							{
								"value": "2"
							},
							{
								"value": "3"
							},
							{
								"value": "4"
							},
							{
								"value": "5"
							}
						]
					}
				},
				{
					"dataType": "string",
					"defaultValue": "3",
					"label": "top-spacing",
					"name": "topSpacing",
					"type": "select",
					"typeOptions": {
						"validValues": [
							{
								"value": "0"
							},
							{
								"value": "1"
							},
							{
								"value": "2"
							},
							{
								"value": "3"
							},
							{
								"value": "4"
							},
							{
								"value": "5"
							}
						]
					}
				}
			]
		}
	]
}
